{"sections":{"slideshow_fCAejV":{"type":"slideshow","blocks":{"slide_PwfpwV":{"type":"slide","settings":{"image":"shopify:\/\/shop_images\/NEW.png","heading":"","heading_size":"h1","subheading":"","button_label":"Show Now","link":"shopify:\/\/collections","button_style_secondary":false,"box_align":"bottom-center","show_text_box":false,"text_alignment":"center","image_overlay_opacity":0,"color_scheme":"","text_alignment_mobile":"center"}},"slide_nwBQeW":{"type":"slide","settings":{"image":"shopify:\/\/shop_images\/NEW_1.png","heading":"","heading_size":"h1","subheading":"","button_label":"Show Now","link":"shopify:\/\/collections","button_style_secondary":true,"box_align":"bottom-center","show_text_box":false,"text_alignment":"center","image_overlay_opacity":0,"color_scheme":"scheme-1","text_alignment_mobile":"center"}},"slide_qEJpzw":{"type":"slide","settings":{"image":"shopify:\/\/shop_images\/3.png","heading":"","heading_size":"h1","subheading":"","button_label":"Show Now","link":"shopify:\/\/collections\/product","button_style_secondary":true,"box_align":"bottom-right","show_text_box":false,"text_alignment":"center","image_overlay_opacity":0,"color_scheme":"scheme-1","text_alignment_mobile":"center"}},"slide_bBAPM6":{"type":"slide","settings":{"image":"shopify:\/\/shop_images\/4.png","heading":"","heading_size":"h1","subheading":"","button_label":"Show Now","link":"shopify:\/\/collections\/hair","button_style_secondary":true,"box_align":"bottom-left","show_text_box":false,"text_alignment":"center","image_overlay_opacity":0,"color_scheme":"scheme-1","text_alignment_mobile":"center"}}},"block_order":["slide_PwfpwV","slide_nwBQeW","slide_qEJpzw","slide_bBAPM6"],"settings":{"layout":"full_bleed","slide_height":"adapt_image","slider_visual":"dots","auto_rotate":false,"change_slides_speed":5,"image_behavior":"none","show_text_below":true,"accessibility_info":"Slideshow about our brand"}},"collection_list_H6FLm6":{"type":"collection-list","blocks":{"featured_collection_CnQ7LV":{"type":"featured_collection","settings":{"collection":"frontpage"}},"featured_collection_t7ndiK":{"type":"featured_collection","settings":{"collection":"beauty"}},"featured_collection_CmpaNJ":{"type":"featured_collection","settings":{"collection":"hair"}},"featured_collection_3XKkcX":{"type":"featured_collection","settings":{"collection":"product"}}},"block_order":["featured_collection_CnQ7LV","featured_collection_t7ndiK","featured_collection_CmpaNJ","featured_collection_3XKkcX"],"settings":{"title":"Collections","heading_size":"h1","image_ratio":"adapt","columns_desktop":4,"color_scheme":"","show_view_all":false,"columns_mobile":"2","swipe_on_mobile":false,"padding_top":36,"padding_bottom":36}},"image_banner_KRpReU":{"type":"image-banner","blocks":{"heading_RTKxhQ":{"type":"heading","settings":{"heading":"About Us","heading_size":"h1"}},"text_YbK8gT":{"type":"text","settings":{"text":"At Confedence, we celebrate women by offering high-quality products designed to enhance beauty, style, and confidence. From fashion to beauty essentials, every item is carefully selected to make you feel empowered and fabulous. Our mission is to provide stylish, affordable, and reliable products that fit your lifestyle perfectly. We’re here to make you shine!","text_style":"body"}},"buttons_EgydnL":{"type":"buttons","settings":{"button_label_1":"Shop","button_link_1":"shopify:\/\/collections\/frontpage","button_style_secondary_1":false,"button_label_2":"","button_link_2":"","button_style_secondary_2":false}}},"block_order":["heading_RTKxhQ","text_YbK8gT","buttons_EgydnL"],"settings":{"image":"shopify:\/\/shop_images\/NEW_2.png","image_overlay_opacity":0,"image_height":"medium","desktop_content_position":"middle-center","show_text_box":false,"desktop_content_alignment":"center","color_scheme":"scheme-2","image_behavior":"fixed","mobile_content_alignment":"center","stack_images_on_mobile":true,"show_text_below":false}},"multicolumn_mqFKyM":{"type":"multicolumn","blocks":{"column_Bb6t7Y":{"type":"column","settings":{"image":"shopify:\/\/shop_images\/6_323515a2-9361-46f5-add1-92815a820984.png","title":"<strong>QUALITY INGREDIENT<\/strong>","text":"<p>Crafted with premium, natural ingredients, our products nourish and protect for lasting beauty and care.<\/p>","link_label":"","link":""}},"column_NR7KJL":{"type":"column","settings":{"image":"shopify:\/\/shop_images\/7_0c4e855a-8ebe-4326-8a91-530232dbde61.png","title":"<strong>EXQUISITE DESIGN<\/strong>","text":"<p>Our products feature elegant designs, combining style and function to enhance your beauty experience daily.<\/p>","link_label":"","link":""}},"column_PWw6kk":{"type":"column","settings":{"image":"shopify:\/\/shop_images\/8_92d7291d-94ea-462a-a838-71cd7bea2701.png","title":"<strong>WORDROBE ESSENTIALS<\/strong>","text":"<p>Timeless, versatile pieces to complement your style, offering comfort and effortless elegance for every occasion.<\/p>","link_label":"","link":""}}},"block_order":["column_Bb6t7Y","column_NR7KJL","column_PWw6kk"],"settings":{"title":"","heading_size":"h0","image_width":"half","image_ratio":"adapt","columns_desktop":3,"column_alignment":"center","background_style":"none","button_label":"","button_link":"","color_scheme":"","columns_mobile":"1","swipe_on_mobile":false,"padding_top":36,"padding_bottom":36}},"featured_collection_eUhmcN":{"type":"featured-collection","settings":{"title":"SHOP BESSSELLERS ✧","heading_size":"h1","description":"","show_description":false,"description_style":"body","collection":"feature-collection","products_to_show":4,"columns_desktop":4,"full_width":false,"show_view_all":true,"view_all_style":"solid","enable_desktop_slider":false,"color_scheme":"","image_ratio":"adapt","image_shape":"default","show_secondary_image":false,"show_vendor":false,"show_rating":false,"quick_add":"none","columns_mobile":"2","swipe_on_mobile":false,"padding_top":36,"padding_bottom":36}},"multicolumn_gXQHex":{"type":"multicolumn","blocks":{"column_PG7Hwp":{"type":"column","settings":{"title":"★★★★★","text":"<p>Absolutely love the quality and design! These products make me feel so confident!<\/p><p><strong>Emily S.<\/strong><\/p>","link_label":"","link":""}},"column_KAC8iM":{"type":"column","settings":{"title":"★★★★★","text":"<p>Pair text with an image to focus on your chosen product, collection, or blog post. Add details on availability, style, or even provide a review.<br\/><strong>David M.<\/strong><\/p>","link_label":"","link":""}},"column_nitety":{"type":"column","settings":{"title":"★★★★★","text":"<p>These are my new go-to essentials! Beautifully crafted and fit my style perfectly.<\/p><p><strong>Sarah K.<\/strong><\/p>","link_label":"","link":""}},"column_GLMzKA":{"type":"column","settings":{"title":"★★★★★","text":"<p>Impressed with the attention to detail. Great products and fast delivery!<\/p><p><strong>Michael J.<\/strong><\/p>","link_label":"","link":""}}},"block_order":["column_PG7Hwp","column_KAC8iM","column_nitety","column_GLMzKA"],"settings":{"title":"<em>CUSTOMER FEEDBACK<\/em>","heading_size":"h0","image_width":"full","image_ratio":"adapt","columns_desktop":4,"column_alignment":"center","background_style":"primary","button_label":"","button_link":"","color_scheme":"","columns_mobile":"1","swipe_on_mobile":false,"padding_top":36,"padding_bottom":36}},"image_banner_mbCbJ7":{"type":"image-banner","blocks":{"heading_mgJQm7":{"type":"heading","settings":{"heading":"UP TO 50% OFF","heading_size":"h1"}},"text_jQrQqP":{"type":"text","settings":{"text":"<strong>NEW FALL COLLECTION<\/strong>","text_style":"body"}},"buttons_FdJX9p":{"type":"buttons","settings":{"button_label_1":"SHOP NOW","button_link_1":"","button_style_secondary_1":false,"button_label_2":"","button_link_2":"","button_style_secondary_2":false}}},"block_order":["heading_mgJQm7","text_jQrQqP","buttons_FdJX9p"],"settings":{"image":"shopify:\/\/shop_images\/NEW_3.png","image_overlay_opacity":0,"image_height":"adapt","desktop_content_position":"middle-center","show_text_box":true,"desktop_content_alignment":"center","color_scheme":"","image_behavior":"none","mobile_content_alignment":"center","stack_images_on_mobile":true,"show_text_below":true}},"newsletter_BKgYae":{"type":"newsletter","blocks":{"heading_6VRt4j":{"type":"heading","settings":{"heading":"GET 10% OFFWHEN YOU SUBSCRIBE TO OUR EMAIL","heading_size":"h2"}},"paragraph_E7XqnR":{"type":"paragraph","settings":{"text":"<p>Be the first to know about new collections and exclusive offers.<\/p>"}},"email_form_qBiJag":{"type":"email_form","settings":{}}},"block_order":["heading_6VRt4j","paragraph_E7XqnR","email_form_qBiJag"],"settings":{"color_scheme":"","full_width":true,"padding_top":40,"padding_bottom":52}},"multirow_84EMFj":{"type":"multirow","blocks":{"row_wfBz9U":{"type":"row","settings":{"image":"shopify:\/\/shop_images\/happy-business-woman-standing-smiling-isolated-pink-studio-background.jpg","caption":"Caption","heading":"BLOG POST ✦","text":"<p>Pair text with an image to focus on your chosen product, collection, or blog post. Add details on availability, style, or even provide a review.<\/p>","button_label":"SEE POST","button_link":""}},"row_HVUTae":{"type":"row","settings":{"image":"shopify:\/\/shop_images\/close-up-body-butter-recipient_2.jpg","caption":"Caption","heading":"BLOG POST ✦","text":"<p>Pair text with an image to focus on your chosen product, collection, or blog post. Add details on availability, style, or even provide a review.<\/p>","button_label":"SEE POST","button_link":""}}},"block_order":["row_wfBz9U","row_HVUTae"],"settings":{"image_height":"medium","desktop_image_width":"medium","heading_size":"h1","text_style":"body","button_style":"secondary","desktop_content_position":"middle","desktop_content_alignment":"left","image_layout":"alternate-left","section_color_scheme":"","row_color_scheme":"","mobile_content_alignment":"left","padding_top":36,"padding_bottom":36}},"image_banner_wdtAFf":{"type":"image-banner","settings":{"image":"shopify:\/\/shop_images\/Add_a_little_bit_of_body_text_1.png","image_overlay_opacity":0,"image_height":"adapt","desktop_content_position":"middle-center","show_text_box":false,"desktop_content_alignment":"center","color_scheme":"","image_behavior":"none","mobile_content_alignment":"center","stack_images_on_mobile":true,"show_text_below":false}},"rich_text_4NzPDP":{"type":"rich-text","blocks":{"heading_qwTcXn":{"type":"heading","settings":{"heading":"","heading_size":"h1"}},"text_Pp3eka":{"type":"text","settings":{"text":""}},"button_J6ERAm":{"type":"button","settings":{"button_label":"FOLLOW US","button_link":"","button_style_secondary":false,"button_label_2":"","button_link_2":"","button_style_secondary_2":false}}},"block_order":["heading_qwTcXn","text_Pp3eka","button_J6ERAm"],"settings":{"desktop_content_position":"center","content_alignment":"center","color_scheme":"","full_width":true,"padding_top":40,"padding_bottom":52}}},"order":["slideshow_fCAejV","collection_list_H6FLm6","image_banner_KRpReU","multicolumn_mqFKyM","featured_collection_eUhmcN","multicolumn_gXQHex","image_banner_mbCbJ7","newsletter_BKgYae","multirow_84EMFj","image_banner_wdtAFf","rich_text_4NzPDP"]}